county,year,sector,emissions_mtco2e,population,gdp_billions_usd
BALTIMORE,2015,Transportation,1372.7983740766958,168006.41489156705,33.31922137404609
Baltimore,2015,Residential,555.8912055475322,168006.41489156705,33.31922137404609
Baltimore,2015,Commercial,652.5666030352595,168006.41489156705,33.31922137404609
Baltimore,2015,Industrial,854.1333796061193,168006.41489156705,33.31922137404609
Baltimore,2015,Agriculture,252.76344264949051,168006.41489156705,33.31922137404609
Baltimore,2015,Waste,272.2531551729263,168006.41489156705,33.31922137404609
Baltimore,2016,Transportation,1168.00433126926,169794.1788093059,33.22677596135098
Baltimore,2016,Residential,446.6596969843584,169794.1788093059,33.22677596135098
Baltimore,2016,Commercial,696.80938630468,169794.1788093059,33.22677596135098
Baltimore,2016,Industrial,862.2398089038095,169794.1788093059,33.22677596135098
 Baltimore ,2016,Agriculture,241.14556680959882,169794.1788093059,33.22677596135098
Baltimore,2016,Waste,257.56964377371605,169794.1788093059,33.22677596135098
Baltimore,2017,Transportation,1093.2061892313093,167646.28928761074,34.57484141473573
baltimore,2017,Residential,475.71885768193135,167646.28928761074,34.57484141473573
 Baltimore ,2017,Commercial,572.9316205099418,167646.28928761074,34.57484141473573
Baltimore,2017,Industrial,862.8810627801765,167646.28928761074,34.57484141473573
baltimore,2017,Agriculture,186.7174068531769,167646.28928761074,34.57484141473573
BALTIMORE,2017,Waste,242.12606296706545,167646.28928761074,34.57484141473573
Baltimore,2018,Transportation,1088.9554793979246,170027.98887371586,35.89118595260561
Baltimore,2018,Residential,545.6326381439413,170027.98887371586,35.89118595260561
Baltimore,2018,Commercial,497.2619887430665,170027.98887371586,35.89118595260561
Baltimore,2018,Industrial,737.518195005866,170027.98887371586,35.89118595260561
Baltimore,2018,Agriculture,381.55902802185335,170027.98887371586,35.89118595260561
BALTIMORE,2018,Waste,267.5125953885469,170027.98887371586,35.89118595260561
Baltimore,2019,Transportation,1236.834080685997,170151.70955816042,35.9223332805966
Baltimore,2019,Residential,558.9410655156402,170151.70955816042,35.9223332805966
Baltimore,2019,Commercial,485.4255475074068,170151.70955816042,35.9223332805966
Baltimore,2019,Industrial,729.4313917607851,170151.70955816042,35.9223332805966
Baltimore,2019,Agriculture,356.85015387540074,170151.70955816042,35.9223332805966
BALTIMORE,2019,Waste,251.8422772539096,170151.70955816042,35.9223332805966
Baltimore,2020,Transportation,984.2288118707977,171163.56201505652,37.982556344840845
Baltimore,2020,residential,655.0103528115721,171163.56201505652,37.982556344840845
Baltimore,2020,Commercial,526.5160199622499,171163.56201505652,37.982556344840845
Baltimore,2020,Industrial,1060.2699630993147,171163.56201505652,37.982556344840845
Baltimore,2020,Agriculture,370.709189152985,171163.56201505652,37.982556344840845
Baltimore,2020,Waste,205.13186493783306,171163.56201505652,37.982556344840845
Baltimore,2021,Transportation,1048.941560970599,173125.0354703571,39.55905775449621
 Baltimore ,2021,Residential,541.4555514106021,173125.0354703571,39.55905775449621
Baltimore,2021,Commercial,563.5146799964742,173125.0354703571,39.55905775449621
Baltimore,2021,Industrial,912.9184109479247,173125.0354703571,39.55905775449621
baltimore,2021,Agriculture,312.34898817306436,173125.0354703571,39.55905775449621
BALTIMORE,2021,Waste,293.6443147886569,173125.0354703571,39.55905775449621
Baltimore,2022,Transportation,1138.4890388176864,170203.4162245665,39.470129647993204
Baltimore,2022,Residential,723.3263326959664,170203.4162245665,39.470129647993204
Baltimore,2022,Commercial,446.5675347954961,170203.4162245665,39.470129647993204
 Baltimore ,2022,Industrial,827.4690202992703,170203.4162245665,39.470129647993204
Baltimore,2022,Agriculture,414.0919455139929,170203.4162245665,39.470129647993204
BALTIMORE,2022,Waste,224.26540371546463,170203.4162245665,39.470129647993204
 Baltimore ,2023,Transportation,1547.159241385173,173549.8892760834,42.25120339573321
BALTIMORE,2023,Residential,713.9548508402169,173549.8892760834,42.25120339573321
Baltimore,2023,Commercial,716.7590258441124,173549.8892760834,42.25120339573321
Baltimore,2023,Industrial,668.7959435874709,173549.8892760834,42.25120339573321
Baltimore,2023,Agriculture,416.7551366511977,173549.8892760834,42.25120339573321
 Baltimore ,2023,Waste,324.28580538286906,173549.8892760834,42.25120339573321
Baltimore,2024,Transportation,1023.1558755762751,176125.60129014932,40.75468531286801
baltimore,2024,Residential,730.5126046232231,176125.60129014932,40.75468531286801
Baltimore,2024,Commercial,601.9108062220184,176125.60129014932,40.75468531286801
Baltimore,2024,Industrial,770.6020134073012,176125.60129014932,40.75468531286801
Baltimore,2024,Agriculture,337.107911363404,176125.60129014932,40.75468531286801
BALTIMORE,2024,Waste,205.1526446440778,176125.60129014932,40.75468531286801
Montgomery,2015,Transportation,1977.1182008103992,756286.4613682478,18.742156199238913
 Montgomery ,2015,Residential,1538.2369505995605,756286.4613682478,18.742156199238913
MONTGOMERY,2015,Commercial,1502.0049127356583,756286.4613682478,18.742156199238913
Montgomery,2015,Industrial,1535.303786074151,756286.4613682478,18.742156199238913
Montgomery,2015,Agriculture,639.4270978309307,756286.4613682478,18.742156199238913
montgomery,2015,Waste,682.5916612730589,756286.4613682478,18.742156199238913
MONTGOMERY,2016,Transportation,2941.7342422639226,758444.1303024746,19.07232595068074
 montgomery ,2016,Residential,1797.8941357018757,758444.1303024746,19.07232595068074
Montgomery,2016,Commercial,1488.2315130093075,758444.1303024746,19.07232595068074
Montgomery,2016,Industrial,2433.3618910525975,758444.1303024746,19.07232595068074
Montgomery,2016,Agriculture,734.7112662715629,758444.1303024746,19.07232595068074
Montgomery,2016,Waste,558.4448705290395,758444.1303024746,19.07232595068074
montgomery,2017,Transportation,4049.72512482629,758043.6464229502,19.438175213021708
Montgomery,2017,Residential,1513.9864641602744,758043.6464229502,19.438175213021708
Montgomery,2017,Commercial,828.5631166052619,758043.6464229502,19.438175213021708
Montgomery,2017,Industrial,1458.3418933979556,758043.6464229502,19.438175213021708
Montgomery,2017,Agriculture,593.5346435205321,758043.6464229502,19.438175213021708
montgomery,2017,Waste,402.9189970185753,758043.6464229502,19.438175213021708
Montgomery,2018,Transportation,2103.822625462475,767403.1904270526,19.894838234987994
Montgomery,2018,Residential,1753.2313464348708,767403.1904270526,19.894838234987994
montgomery,2018,Commercial,1254.4146933825168,767403.1904270526,19.894838234987994
 Montgomery ,2018,Industrial,1571.7013090273877,767403.1904270526,19.894838234987994
Montgomery,2018,Agriculture,609.8390498703783,767403.1904270526,19.894838234987994
Montgomery,2018,Waste,391.5330981696988,767403.1904270526,19.894838234987994
Montgomery,2019,Transportation,1846.684116847392,765331.0446694639,21.250433212044772
MONTGOMERY,2019,Residential,1799.6995388530754,765331.0446694639,21.250433212044772
Montgomery,2019,Commercial,1565.62742651105,765331.0446694639,21.250433212044772
Montgomery,2019,Industrial,2166.8575376302338,765331.0446694639,21.250433212044772
Montgomery,2019,Agriculture,589.6149593255677,765331.0446694639,21.250433212044772
Montgomery,2019,Waste,540.8543525097252,765331.0446694639,21.250433212044772
MONTGOMERY,2020,Transportation,2212.5210967367916,775459.8659852447,20.175974232731868
 Montgomery ,2020,Residential,1349.3067744129278,775459.8659852447,20.175974232731868
MONTGOMERY,2020,Commercial,1511.1693706571034,775459.8659852447,20.175974232731868
Montgomery,2020,Industrial,2709.1531400486183,775459.8659852447,20.175974232731868
Montgomery,2020,Agriculture,770.2466459233913,775459.8659852447,20.175974232731868
Montgomery,2020,Waste,673.7123016011008,775459.8659852447,20.175974232731868
Montgomery,2021,Transportation,2295.657431137821,777533.9236426667,22.242468760540127
Montgomery,2021,Residential,1785.2267553416048,777533.9236426667,22.242468760540127
Montgomery,2021,Commercial,992.127522058815,777533.9236426667,22.242468760540127
Montgomery,2021,Industrial,2948.4858829390146,777533.9236426667,22.242468760540127
Montgomery,2021,Agriculture,788.7265939999642,777533.9236426667,22.242468760540127
Montgomery,2021,Waste,450.5511305076984,777533.9236426667,22.242468760540127
Montgomery,2022,Transportation,3002.3977000850946,789694.8338072306,22.88549443025733
Montgomery,2022,Residential,2126.987595802021,789694.8338072306,22.88549443025733
Montgomery,2022,Commercial,1498.149685810397,789694.8338072306,22.88549443025733
Montgomery,2022,Industrial,1393.7013331694618,789694.8338072306,22.88549443025733
Montgomery,2022,Agriculture,740.2066053114119,789694.8338072306,22.88549443025733
Montgomery,2022,Waste,545.3680954011251,789694.8338072306,22.88549443025733
Montgomery,2023,transport,2375.7860255641604,793913.6149228775,22.32359428198145
Montgomery,2023,Residential,1935.9242280573808,793913.6149228775,22.32359428198145
Montgomery,2023,Commercial,1356.093399411451,793913.6149228775,22.32359428198145
MONTGOMERY,2023,Industrial,2303.6426928986702,793913.6149228775,22.32359428198145
Montgomery,2023,Agriculture,1003.9964026111448,793913.6149228775,22.32359428198145
Montgomery,2023,Waste,439.04973483830076,793913.6149228775,22.32359428198145
Montgomery,2024,Transportation,3167.728888388781,781265.8534906997,24.236352127565628
Montgomery,2024,Residential,1553.619401529263,781265.8534906997,24.236352127565628
 Montgomery ,2024,Commercial,1201.151017432821,781265.8534906997,24.236352127565628
Montgomery,2024,Industrial,1757.491521439476,781265.8534906997,24.236352127565628
Montgomery,2024,Agriculture,863.18827152681,781265.8534906997,24.236352127565628
Montgomery,2024,Waste,430.3799255671359,781265.8534906997,24.236352127565628
PRINCE GEORGE'S,2015,Transportation,669.67596516908,207886.4096031658,9.203592800460713
Prince George's,2015,Residential,445.99356315967094,207886.4096031658,9.203592800460713
Prince George's,2015,Commercial,253.17678467089806,207886.4096031658,9.203592800460713
prince george's,2015,Industrial,598.6407144098987,207886.4096031658,9.203592800460713
 Prince George's ,2015,Agriculture,254.33478786031418,207886.4096031658,9.203592800460713
Prince George's,2015,Waste,246.1545041900173,207886.4096031658,9.203592800460713
Prince George's,2016,Transportation,741.6417588270418,211409.23308379776,9.312523856041235
Prince George's,2016,Residential,522.4679611026008,211409.23308379776,9.312523856041235
Prince George's,2016,Commercial,406.84596280544065,211409.23308379776,9.312523856041235
 Prince George's ,2016,Industrial,661.8035986304777,211409.23308379776,9.312523856041235
Prince George's,2016,Agriculture,169.43419665493977,211409.23308379776,9.312523856041235
prince george's,2016,Waste,237.24910405703935,211409.23308379776,9.312523856041235
PRINCE GEORGE'S,2017,Transportation,1124.8401699229369,208645.09397155629,9.457993894311523
Prince George's,2017,Residential,528.0440025229968,208645.09397155629,9.457993894311523
 prince george's ,2017,Commercial,413.1365531688722,208645.09397155629,9.457993894311523
PRINCE GEORGE'S,2017,Industrial,746.937984748265,208645.09397155629,9.457993894311523
prince george's,2017,Agriculture,172.62293963985235,208645.09397155629,9.457993894311523
 Prince George's ,2017,Waste,154.0742014180719,208645.09397155629,9.457993894311523
Prince George's,2018,Transportation,847.0898326865122,211476.6509115049,10.167393149747255
Prince George's,2018,Residential,384.3876709409533,211476.6509115049,10.167393149747255
Prince George's,2018,Commercial,378.4891690889556,211476.6509115049,10.167393149747255
prince george's,2018,Industrial,622.4848965866531,211476.6509115049,10.167393149747255
prince george's,2018,Agriculture,221.0730180077618,211476.6509115049,10.167393149747255
Prince George's,2018,Waste,203.58164908005386,211476.6509115049,10.167393149747255
 Prince George's ,2019,Transportation,1028.129401505419,211685.20458599133,10.435811957943011
Prince George's,2019,Residential,506.78262126688094,211685.20458599133,10.435811957943011
prince george's,2019,Commercial,477.3634606329882,211685.20458599133,10.435811957943011
PRINCE GEORGE'S,2019,Industrial,636.6550373171488,211685.20458599133,10.435811957943011
Prince George's,2019,Agriculture,205.61464952687223,211685.20458599133,10.435811957943011
Prince George's,2019,Waste,184.77420384452236,211685.20458599133,10.435811957943011
Prince George's,2020,Transportation,789.8761211840545,214574.9045477,10.33456504188475
Prince George's,2020,Residential,668.3268727626136,214574.9045477,10.33456504188475
prince george's,2020,Commercial,277.98148627041803,214574.9045477,10.33456504188475
Prince George's,2020,Industrial,735.3058232014795,214574.9045477,10.33456504188475
Prince George's,2020,Agriculture,249.03497602778376,214574.9045477,10.33456504188475
prince george's,2020,Waste,189.8009400355361,214574.9045477,10.33456504188475
Prince George's,2021,Transportation,760.333099059277,214699.21377705145,10.90517379822144
Prince George's,2021,residential,573.712683715842,214699.21377705145,10.90517379822144
Prince George's,2021,Commercial,501.83413452199756,214699.21377705145,10.90517379822144
Prince George's,2021,Industrial,635.1785433489166,214699.21377705145,10.90517379822144
Prince George's,2021,Agriculture,274.5916820447027,214699.21377705145,10.90517379822144
Prince George's,2021,Waste,119.40702584333452,214699.21377705145,10.90517379822144
PRINCE GEORGE'S,2022,Transportation,813.6085156727199,217060.45237036847,10.536478558679683
Prince George's,2022,Residential,365.0078443300431,217060.45237036847,10.536478558679683
Prince George's,2022,Commercial,466.79212914562567,217060.45237036847,10.536478558679683
PRINCE GEORGE'S,2022,Industrial,703.8936697580248,217060.45237036847,10.536478558679683
Prince George's,2022,Agriculture,208.62090901525445,217060.45237036847,10.536478558679683
Prince George's,2022,Waste,209.34426467102307,217060.45237036847,10.536478558679683
Prince George's,2023,Transportation,1005.0450002818656,221587.69388792754,11.210144633553424
 Prince George's ,2023,Residential,415.2314216245348,221587.69388792754,11.210144633553424
Prince George's,2023,Commercial,298.735820206415,221587.69388792754,11.210144633553424
prince george's,2023,Industrial,652.0863945723032,221587.69388792754,11.210144633553424
Prince George's,2023,Agriculture,145.39349553677627,221587.69388792754,11.210144633553424
Prince George's,2023,Waste,141.94469128827535,221587.69388792754,11.210144633553424
Prince George's,2024,Transportation,871.173248695148,218470.1954712602,11.57681908793972
Prince George's,2024,Residential,491.41546269708124,218470.1954712602,11.57681908793972
prince george's,2024,Commercial,450.7546554553183,218470.1954712602,11.57681908793972
Prince George's,2024,Industrial,794.9666140980969,218470.1954712602,11.57681908793972
Prince George's,2024,Agriculture,223.8541331594801,218470.1954712602,11.57681908793972
Prince George's,2024,Waste,186.28919808572383,218470.1954712602,11.57681908793972
anne arundel,2015,Transportation,1850.8240883255694,660929.1783315474,21.20570600544442
Anne Arundel,2015,Residential,1585.3762439808172,660929.1783315474,21.20570600544442
Anne Arundel,2015,Commercial,1264.7836977589216,660929.1783315474,21.20570600544442
Anne Arundel,2015,Industrial,2038.9211454642546,660929.1783315474,21.20570600544442
Anne Arundel,2015,Agriculture,629.1317994468943,660929.1783315474,21.20570600544442
ANNE ARUNDEL,2015,Waste,338.3975150096764,660929.1783315474,21.20570600544442
Anne Arundel,2016,Transportation,3409.0338111341384,643760.0821184142,23.27937193991177
Anne Arundel,2016,Residential,1038.1644399294578,643760.0821184142,23.27937193991177
anne arundel,2016,Commercial,1321.3257482093532,643760.0821184142,23.27937193991177
Anne Arundel,2016,Industrial,1740.9112789751155,643760.0821184142,23.27937193991177
Anne Arundel,2016,Agriculture,742.9593917214443,643760.0821184142,23.27937193991177
Anne Arundel,2016,Waste,728.2119079535847,643760.0821184142,23.27937193991177
Anne Arundel,2017,Transportation,2223.8006474363374,654265.6528291198,22.353569196108417
Anne Arundel,2017,Residential,1054.0558608251583,654265.6528291198,22.353569196108417
anne arundel,2017,Commercial,1574.5849854947287,654265.6528291198,22.353569196108417
Anne Arundel,2017,Industrial,1491.5091142388894,654265.6528291198,22.353569196108417
Anne Arundel,2017,Agriculture,642.3083008823182,654265.6528291198,22.353569196108417
ANNE ARUNDEL,2017,Waste,509.07157300433477,654265.6528291198,22.353569196108417
Anne Arundel,2018,Transportation,2269.459964086952,672785.2875068486,24.202728203971642
Anne Arundel,2018,Residential,993.8009118758076,672785.2875068486,24.202728203971642
anne arundel,2018,Commercial,893.907922505193,672785.2875068486,24.202728203971642
ANNE ARUNDEL,2018,Industrial,2056.6146058537597,672785.2875068486,24.202728203971642
Anne Arundel,2018,Agriculture,677.8354191896861,672785.2875068486,24.202728203971642
Anne Arundel,2018,Waste,520.090846890129,672785.2875068486,24.202728203971642
anne arundel,2019,Transportation,2267.642115165656,669780.045580706,25.17095517932729
anne arundel,2019,Residential,1247.2935888112136,669780.045580706,25.17095517932729
Anne Arundel,2019,Commercial,1248.9209681334357,669780.045580706,25.17095517932729
ANNE ARUNDEL,2019,Industrial,1896.3469279187636,669780.045580706,25.17095517932729
Anne Arundel,2019,Agriculture,721.3210114324175,669780.045580706,25.17095517932729
Anne Arundel,2019,Waste,613.1081835918227,669780.045580706,25.17095517932729
Anne Arundel,2020,Transportation,3250.439005538957,678306.2633781768,25.35086658195821
Anne Arundel,2020,Residential,1052.750509436386,678306.2633781768,25.35086658195821
Anne Arundel,2020,Commercial,711.9703336501461,678306.2633781768,25.35086658195821
Anne Arundel,2020,Industrial,1914.4919191207068,678306.2633781768,25.35086658195821
Anne Arundel,2020,Agriculture,414.46925163604726,678306.2633781768,25.35086658195821
Anne Arundel,2020,Waste,364.0784846949315,678306.2633781768,25.35086658195821
Anne Arundel,2021,Transportation,2302.257709334043,676100.4323930762,26.179042376299936
Anne Arundel,2021,Residential,1561.9246511566869,676100.4323930762,26.179042376299936
Anne Arundel,2021,Commercial,1167.1735297058974,676100.4323930762,26.179042376299936
Anne Arundel,2021,Industrial,2202.8842548398316,676100.4323930762,26.179042376299936
Anne Arundel,2021,Agriculture,472.89763273244233,676100.4323930762,26.179042376299936
anne arundel,2021,Waste,555.2910407946092,676100.4323930762,26.179042376299936
anne arundel,2022,Transportation,2600.4732062504363,681350.2039200407,26.23350995058292
anne arundel,2022,Residential,929.8108760523284,681350.2039200407,26.23350995058292
Anne Arundel,2022,Commercial,775.0310471706713,681350.2039200407,26.23350995058292
Anne Arundel,2022,Industrial,1503.9791071481495,681350.2039200407,26.23350995058292
anne arundel,2022,Agriculture,574.7765907975592,681350.2039200407,26.23350995058292
 anne arundel ,2022,Waste,442.69697868005227,681350.2039200407,26.23350995058292
Anne Arundel,2023,Transportation,2912.035648758304,683615.4596813406,27.41719823737879
Anne Arundel,2023,Residential,1589.6307067787006,683615.4596813406,27.41719823737879
Anne Arundel,2023,Commercial,1196.547383697319,683615.4596813406,27.41719823737879
Anne Arundel,2023,Industrial,2363.659688047904,683615.4596813406,27.41719823737879
ANNE ARUNDEL,2023,Agriculture,609.8966475369492,683615.4596813406,27.41719823737879
ANNE ARUNDEL,2023,Waste,348.67516002091884,683615.4596813406,27.41719823737879
Anne Arundel,2024,Transportation,3275.5748884715595,680548.4970616732,27.47869423179273
Anne Arundel,2024,Residential,1741.6616364096956,680548.4970616732,27.47869423179273
Anne Arundel,2024,Commercial,955.4157149417699,680548.4970616732,27.47869423179273
Anne Arundel,2024,Industrial,1931.1055394896407,680548.4970616732,27.47869423179273
Anne Arundel,2024,Agriculture,538.7093061619138,680548.4970616732,27.47869423179273
Anne Arundel,2024,Waste,428.28836967007095,680548.4970616732,27.47869423179273
Howard,2015,Transportation,2320.2767167791917,446264.8887382236,43.66044207911809
Howard,2015,Residential,1352.6769718944522,446264.8887382236,43.66044207911809
Howard,2015,Commercial,1060.9059556624813,446264.8887382236,43.66044207911809
Howard,2015,Industrial,1793.859931621371,446264.8887382236,43.66044207911809
Howard,2015,Agriculture,739.5338582025979,446264.8887382236,43.66044207911809
Howard,2015,Waste,591.3104045831918,446264.8887382236,43.66044207911809
Howard,2016,Transportation,2594.6680855936957,450592.53310208616,45.72911644838919
 Howard ,2016,Residential,1200.5396810432749,450592.53310208616,45.72911644838919
Howard,2016,Commercial,916.675340488085,450592.53310208616,45.72911644838919
Howard,2016,Industrial,1094.9671011102148,450592.53310208616,45.72911644838919
HOWARD,2016,Agriculture,634.7132440128194,450592.53310208616,45.72911644838919
Howard,2016,Waste,490.5830359693012,450592.53310208616,45.72911644838919
Howard,2017,Transportation,1983.1263623889756,440357.31378468976,47.87014294963039
Howard,2017,Residential,1614.9099238688027,440357.31378468976,47.87014294963039
Howard,2017,Commercial,985.4788182162551,440357.31378468976,47.87014294963039
Howard,2017,Industrial,2189.119327728651,440357.31378468976,47.87014294963039
Howard,2017,Agriculture,684.4611901056267,440357.31378468976,47.87014294963039
HOWARD,2017,Waste,478.14346848219503,440357.31378468976,47.87014294963039
howard,2018,Transportation,2068.5185361387635,459315.7590814109,48.19468799110975
Howard,2018,Residential,1084.5006564704802,459315.7590814109,48.19468799110975
Howard,2018,Commercial,1155.8208547268698,459315.7590814109,48.19468799110975
Howard,2018,Industrial,1200.032845953249,459315.7590814109,48.19468799110975
Howard,2018,Agriculture,693.1935134513217,459315.7590814109,48.19468799110975
Howard,2018,Waste,391.49183966216094,459315.7590814109,48.19468799110975
Howard,2019,Transportation,2833.124949441394,457458.34285394533,50.39289684147844
howard,2019,Residential,1106.1730866546127,457458.34285394533,50.39289684147844
Howard,2019,Commercial,1089.1236494919972,457458.34285394533,50.39289684147844
Howard,2019,Industrial,2107.6127639394217,457458.34285394533,50.39289684147844
HOWARD,2019,Agriculture,633.7881832315563,457458.34285394533,50.39289684147844
Howard,2019,Waste,356.9503236449493,457458.34285394533,50.39289684147844
Howard,2020,Transportation,2084.8954289879853,452732.3742998492,50.24297165013972
Howard,2020,Residential,1208.6272958989598,452732.3742998492,50.24297165013972
Howard,2020,Commercial,951.4799342044366,452732.3742998492,50.24297165013972
Howard,2020,Industrial,1728.208754164251,452732.3742998492,50.24297165013972
Howard,2020,Agriculture,715.9829433619971,452732.3742998492,50.24297165013972
Howard,2020,Waste,482.05839457167417,452732.3742998492,50.24297165013972
Howard,2021,Transportation,2118.8781422431944,458219.6697016953,51.69167390739918
Howard,2021,Residential,1802.4861825712383,458219.6697016953,51.69167390739918
Howard,2021,Commercial,825.8963865419115,458219.6697016953,51.69167390739918
Howard,2021,Industrial,1720.4109717355457,458219.6697016953,51.69167390739918
Howard,2021,Agriculture,773.0397282131295,458219.6697016953,51.69167390739918
Howard,2021,Waste,478.7814788773764,458219.6697016953,51.69167390739918
Howard,2022,Transportation,3266.2185764795445,466049.8729691943,54.046741021172934
Howard,2022,Residential,1050.6934094345143,466049.8729691943,54.046741021172934
Howard,2022,Commercial,805.5072429054118,466049.8729691943,54.046741021172934
Howard,2022,Industrial,1954.1504376056357,466049.8729691943,54.046741021172934
Howard,2022,Agriculture,552.78974366143,466049.8729691943,54.046741021172934
Howard,2022,Waste,528.9581853239887,466049.8729691943,54.046741021172934
 Howard ,2023,Transportation,2156.903563908113,452086.90371898504,53.06938215509765
HOWARD,2023,residential,902.2460956682802,452086.90371898504,53.06938215509765
Howard,2023,Commercial,1255.0082524200182,452086.90371898504,53.06938215509765
 Howard ,2023,Industrial,1572.6631809637206,452086.90371898504,53.06938215509765
HOWARD,2023,Agriculture,442.4659480193926,452086.90371898504,53.06938215509765
 HOWARD ,2023,Waste,359.29110473288944,452086.90371898504,53.06938215509765
howard,2024,Transportation,2572.0096531067124,471229.4543104836,56.339393516202584
Howard,2024,Residential,1470.8256780335328,471229.4543104836,56.339393516202584
Howard,2024,Commercial,1254.7549988870348,471229.4543104836,56.339393516202584
howard,2024,Industrial,1953.3876888198095,471229.4543104836,56.339393516202584
Howard,2024,Agriculture,778.6612256299267,471229.4543104836,56.339393516202584
Howard,2024,Waste,540.0980029808965,471229.4543104836,56.339393516202584
Harford,2015,Transportation,2817.5970367505456,555929.9105413072,49.3152407020309
Harford,2015,Residential,1719.177995011342,555929.9105413072,49.3152407020309
Harford,2015,Commercial,1468.669318578337,555929.9105413072,49.3152407020309
Harford,2015,Industrial,1826.540308005093,555929.9105413072,49.3152407020309
Harford,2015,Agriculture,492.64774010144424,555929.9105413072,49.3152407020309
Harford,2015,Waste,653.1938918859698,555929.9105413072,49.3152407020309
Harford,2016,transport,3211.368351981143,547633.341937843,50.67946111032673
Harford,2016,Residential,1409.994271504733,547633.341937843,50.67946111032673
HARFORD,2016,Commercial,951.498771540521,547633.341937843,50.67946111032673
harford,2016,Industrial,2220.4870229025555,547633.341937843,50.67946111032673
Harford,2016,Agriculture,720.9228077508303,547633.341937843,50.67946111032673
harford,2016,Waste,554.705551590279,547633.341937843,50.67946111032673
harford,2017,Transportation,2461.3398694610983,564291.0171812918,50.34014533769026
Harford,2017,Residential,1792.4859673026904,564291.0171812918,50.34014533769026
Harford,2017,Commercial,1552.7376214894402,564291.0171812918,50.34014533769026
HARFORD,2017,Industrial,2001.0221970612633,564291.0171812918,50.34014533769026
Harford,2017,Agriculture,550.7952911486528,564291.0171812918,50.34014533769026
harford,2017,Waste,767.6997743099713,564291.0171812918,50.34014533769026
 Harford ,2018,Transportation,2735.021393628926,554208.663918582,51.18040554338497
Harford,2018,Residential,1439.9469045008423,554208.663918582,51.18040554338497
Harford,2018,Commercial,1111.1233934684979,554208.663918582,51.18040554338497
 harford ,2018,Industrial,2042.8800127947743,554208.663918582,51.18040554338497
Harford,2018,Agriculture,412.42627225637017,554208.663918582,51.18040554338497
Harford,2018,Waste,691.026923004399,554208.663918582,51.18040554338497
Harford,2019,Transportation,2859.767250194081,563274.0679110192,51.30712194046905
Harford,2019,Residential,1481.0361711230298,563274.0679110192,51.30712194046905
Harford,2019,Commercial,1743.9818714225514,563274.0679110192,51.30712194046905
harford,2019,Industrial,1786.4841073015675,563274.0679110192,51.30712194046905
Harford,2019,Agriculture,760.2108875824962,563274.0679110192,51.30712194046905
 HARFORD ,2019,Waste,561.9244298169231,563274.0679110192,51.30712194046905
Harford,2020,Transportation,3014.6235223145663,564380.723325547,54.31471913125202
Harford,2020,Residential,2143.9839798553003,564380.723325547,54.31471913125202
Harford,2020,Commercial,1767.0145493598716,564380.723325547,54.31471913125202
Harford,2020,Industrial,1940.0396497711795,564380.723325547,54.31471913125202
 HARFORD ,2020,Agriculture,753.5122212436158,564380.723325547,54.31471913125202
HARFORD,2020,Waste,784.3039763594593,564380.723325547,54.31471913125202
Harford,2021,Transportation,3181.384559544459,575603.4741870598,57.82629714621384
Harford,2021,Residential,1665.2892658937617,575603.4741870598,57.82629714621384
Harford,2021,Commercial,1000.2710657247675,575603.4741870598,57.82629714621384
Harford,2021,Industrial,1117.1018155643933,575603.4741870598,57.82629714621384
Harford,2021,Agriculture,663.1962991971495,575603.4741870598,57.82629714621384
Harford,2021,Waste,572.9501764951917,575603.4741870598,57.82629714621384
Harford,2022,Transportation,3467.802060972769,562719.8205883041,55.86912648323697
Harford,2022,Residential,1574.710011226926,562719.8205883041,55.86912648323697
Harford,2022,Commercial,1383.925614811405,562719.8205883041,55.86912648323697
Harford,2022,Industrial,1503.0046216417504,562719.8205883041,55.86912648323697
 Harford ,2022,Agriculture,691.1068286582577,562719.8205883041,55.86912648323697
Harford,2022,Waste,402.7443009492149,562719.8205883041,55.86912648323697
Harford,2023,Transportation,2952.5245935467506,583264.0725293037,58.81317905792271
 Harford ,2023,Residential,1452.9600398967455,583264.0725293037,58.81317905792271
 Harford ,2023,Commercial,1543.0431430785134,583264.0725293037,58.81317905792271
Harford,2023,Industrial,1796.9646275383932,583264.0725293037,58.81317905792271
Harford,2023,Agriculture,747.9056602576144,583264.0725293037,58.81317905792271
Harford,2023,Waste,675.9171154924264,583264.0725293037,58.81317905792271
Harford,2024,transport,2301.3961358967904,578889.3041404664,58.34108321951439
Harford,2024,Residential,1787.1686815088074,578889.3041404664,58.34108321951439
Harford,2024,Commercial,1106.5046592024078,578889.3041404664,58.34108321951439
Harford,2024,Industrial,1702.1524366103286,578889.3041404664,58.34108321951439
HARFORD,2024,Agriculture,372.11606905535444,578889.3041404664,58.34108321951439
Harford,2024,Waste,723.576901818485,578889.3041404664,58.34108321951439
Frederick,2015,Transportation,2605.647658022196,820441.5868382,34.221510714307264
Frederick,2015,Residential,1753.1859353664777,820441.5868382,34.221510714307264
Frederick,2015,Commercial,1006.9163744522632,820441.5868382,34.221510714307264
Frederick,2015,Industrial,1616.82665818792,820441.5868382,34.221510714307264
Frederick,2015,Agriculture,671.0090410687885,820441.5868382,34.221510714307264
Frederick,2015,Waste,620.576429356337,820441.5868382,34.221510714307264
Frederick,2016,Transportation,3470.6536939770176,813158.9771390066,35.32926653367243
Frederick,2016,Residential,1305.844028320872,813158.9771390066,35.32926653367243
frederick,2016,Commercial,2086.5828579828203,813158.9771390066,35.32926653367243
frederick,2016,Industrial,2413.5596566852155,813158.9771390066,35.32926653367243
Frederick,2016,Agriculture,713.9674358615382,813158.9771390066,35.32926653367243
Frederick,2016,Waste,704.5473197852308,813158.9771390066,35.32926653367243
Frederick,2017,Transportation,3619.8903128075704,812885.3195874043,35.331158160623396
Frederick,2017,Residential,1728.5427120165332,812885.3195874043,35.331158160623396
FREDERICK,2017,Commercial,1372.2974844185596,812885.3195874043,35.331158160623396
Frederick,2017,Industrial,3234.783098363235,812885.3195874043,35.331158160623396
Frederick,2017,Agriculture,767.2043858672174,812885.3195874043,35.331158160623396
Frederick,2017,Waste,874.0697058170824,812885.3195874043,35.331158160623396
Frederick,2018,transport,3503.6746719726143,814212.4289205713,38.591661174468925
Frederick,2018,Residential,1920.8364118816723,814212.4289205713,38.591661174468925
Frederick,2018,Commercial,1199.400021631233,814212.4289205713,38.591661174468925
Frederick,2018,Industrial,2734.7689248036295,814212.4289205713,38.591661174468925
 Frederick ,2018,Agriculture,899.2495966685572,814212.4289205713,38.591661174468925
Frederick,2018,Waste,900.6935287380471,814212.4289205713,38.591661174468925
 Frederick ,2019,Transportation,4318.895526510515,836573.3874937461,40.215656007557776
Frederick,2019,Residential,1653.7284565856107,836573.3874937461,40.215656007557776
Frederick,2019,Commercial,1677.0249050387717,836573.3874937461,40.215656007557776
Frederick,2019,Industrial,2432.793513640636,836573.3874937461,40.215656007557776
Frederick,2019,Agriculture,747.5979079409533,836573.3874937461,40.215656007557776
Frederick,2019,Waste,773.8664413324158,836573.3874937461,40.215656007557776
Frederick,2020,transport,2396.8156033239716,843320.3673477615,39.83568553218336
Frederick,2020,Residential,1819.8144911842146,843320.3673477615,39.83568553218336
Frederick,2020,Commercial,1593.0958949924006,843320.3673477615,39.83568553218336
Frederick,2020,Industrial,2242.479043801514,843320.3673477615,39.83568553218336
Frederick,2020,Agriculture,972.4767357018534,843320.3673477615,39.83568553218336
FREDERICK,2020,Waste,968.4344961544987,843320.3673477615,39.83568553218336
frederick,2021,Transportation,2600.7813940904643,818934.8072152397,40.33516494120165
frederick,2021,Residential,1700.8971661232624,818934.8072152397,40.33516494120165
frederick,2021,Commercial,935.6481962143264,818934.8072152397,40.33516494120165
Frederick,2021,Industrial,2253.705910197865,818934.8072152397,40.33516494120165
Frederick,2021,Agriculture,792.4788326095946,818934.8072152397,40.33516494120165
Frederick,2021,Waste,559.2357113064164,818934.8072152397,40.33516494120165
FREDERICK,2022,Transportation,2911.3035740516334,845367.1851020638,42.49703967091123
Frederick,2022,Residential,2150.1128783722716,845367.1851020638,42.49703967091123
FREDERICK,2022,Commercial,1446.3946383577936,845367.1851020638,42.49703967091123
Frederick,2022,Industrial,2572.435873560503,845367.1851020638,42.49703967091123
FREDERICK,2022,Agriculture,564.3749584822637,845367.1851020638,42.49703967091123
Frederick,2022,Waste,731.2661259304242,845367.1851020638,42.49703967091123
Frederick,2023,Transportation,2506.9658519973177,858686.1011546903,42.65101669664876
Frederick,2023,residential,1427.7635273267183,858686.1011546903,42.65101669664876
Frederick,2023,Commercial,1165.6085282677132,858686.1011546903,42.65101669664876
Frederick,2023,Industrial,2311.330581998949,858686.1011546903,42.65101669664876
Frederick,2023,Agriculture,763.5803117287462,858686.1011546903,42.65101669664876
Frederick,2023,Waste,467.81190156110466,858686.1011546903,42.65101669664876
Frederick,2024,Transportation,4334.849291909681,866911.84413097,45.087299138879565
FREDERICK,2024,Residential,2427.987863840136,866911.84413097,45.087299138879565
Frederick,2024,Commercial,1827.9549675211133,866911.84413097,45.087299138879565
Frederick,2024,Industrial,3503.850518836722,866911.84413097,45.087299138879565
Frederick,2024,Agriculture,817.847647393267,866911.84413097,45.087299138879565
FREDERICK,2024,Waste,664.8887315580621,866911.84413097,45.087299138879565
Charles,2015,Transportation,3722.7272427090397,858505.337259684,7.963248851901092
Charles,2015,Residential,1369.7403056217656,858505.337259684,7.963248851901092
Charles,2015,Commercial,1105.3353922682254,858505.337259684,7.963248851901092
CHARLES,2015,Industrial,2680.788427319454,858505.337259684,7.963248851901092
Charles,2015,Agriculture,509.2897252741969,858505.337259684,7.963248851901092
Charles,2015,Waste,665.4289288540024,858505.337259684,7.963248851901092
Charles,2016,Transportation,3147.568569474292,860685.5122621952,8.559929997315479
Charles,2016,residential,1982.9267617117666,860685.5122621952,8.559929997315479
Charles,2016,Commercial,1136.9338555251538,860685.5122621952,8.559929997315479
CHARLES,2016,Industrial,1875.826870882738,860685.5122621952,8.559929997315479
CHARLES,2016,Agriculture,566.2661778737056,860685.5122621952,8.559929997315479
Charles,2016,Waste,707.7556063425413,860685.5122621952,8.559929997315479
Charles,2017,Transportation,3561.724990077857,871495.967683472,8.862639995726909
CHARLES,2017,Residential,1610.4641168361138,871495.967683472,8.862639995726909
Charles,2017,Commercial,1174.8409064894504,871495.967683472,8.862639995726909
Charles,2017,Industrial,2080.4542201281492,871495.967683472,8.862639995726909
Charles,2017,Agriculture,766.2299373386714,871495.967683472,8.862639995726909
Charles,2017,Waste,465.1211766510497,871495.967683472,8.862639995726909
Charles,2018,Transportation,2019.809588962466,868405.2277715502,8.779434825815667
Charles,2018,Residential,1901.4614343534083,868405.2277715502,8.779434825815667
Charles,2018,Commercial,1892.759766055891,868405.2277715502,8.779434825815667
Charles,2018,Industrial,2162.578450571211,868405.2277715502,8.779434825815667
CHARLES,2018,Agriculture,707.7079315822997,868405.2277715502,8.779434825815667
Charles,2018,Waste,527.6488608841646,868405.2277715502,8.779434825815667
Charles,2019,Transportation,2045.7183271481242,863951.083616066,8.736593597120663
 charles ,2019,Residential,1868.5451558578459,863951.083616066,8.736593597120663
CHARLES,2019,Commercial,929.6814844596145,863951.083616066,8.736593597120663
Charles,2019,Industrial,1610.413205144097,863951.083616066,8.736593597120663
Charles,2019,Agriculture,982.7440737366157,863951.083616066,8.736593597120663
charles,2019,Waste,385.5975975902903,863951.083616066,8.736593597120663
Charles,2020,Transportation,2318.45538966864,884105.4150348994,9.460357466962407
CHARLES,2020,Residential,1635.9610525700639,884105.4150348994,9.460357466962407
Charles,2020,Commercial,1686.8596053136714,884105.4150348994,9.460357466962407
Charles,2020,Industrial,1900.8726282367115,884105.4150348994,9.460357466962407
 Charles ,2020,Agriculture,628.9098119317376,884105.4150348994,9.460357466962407
CHARLES,2020,Waste,525.4222012059172,884105.4150348994,9.460357466962407
Charles,2021,Transportation,2301.5188311346224,903520.8426341256,9.69460736092746
 Charles ,2021,Residential,1463.4686784002522,903520.8426341256,9.69460736092746
CHARLES,2021,Commercial,1691.0771129731272,903520.8426341256,9.69460736092746
Charles,2021,Industrial,2081.988000904929,903520.8426341256,9.69460736092746
Charles,2021,Agriculture,928.5111908661584,903520.8426341256,9.69460736092746
Charles,2021,Waste,549.0569636922941,903520.8426341256,9.69460736092746
Charles,2022,Transportation,2859.4864071784755,873298.3186137779,10.05937651119239
Charles,2022,residential,1745.2028029148996,873298.3186137779,10.05937651119239
Charles,2022,Commercial,1452.2275412098097,873298.3186137779,10.05937651119239
CHARLES,2022,Industrial,2731.736030402137,873298.3186137779,10.05937651119239
Charles,2022,Agriculture,716.3696094940067,873298.3186137779,10.05937651119239
Charles,2022,Waste,690.3032339452614,873298.3186137779,10.05937651119239
Charles,2023,Transportation,2067.58578693865,901413.2412525385,10.250545403541784
charles,2023,Residential,1434.1161395014399,901413.2412525385,10.250545403541784
Charles,2023,Commercial,1046.3684206871583,901413.2412525385,10.250545403541784
Charles,2023,Industrial,1751.1671334904072,901413.2412525385,10.250545403541784
Charles,2023,Agriculture,765.6233435184803,901413.2412525385,10.250545403541784
CHARLES,2023,Waste,507.99582563259145,901413.2412525385,10.250545403541784
Charles,2024,Transportation,2473.6231371794925,908074.5023281253,10.009171302270856
Charles,2024,Residential,1323.8865940057462,908074.5023281253,10.009171302270856
Charles,2024,Commercial,687.524213426804,908074.5023281253,10.009171302270856
CHARLES,2024,Industrial,1287.100405644105,908074.5023281253,10.009171302270856
Charles,2024,Agriculture,850.1116190585232,908074.5023281253,10.009171302270856
Charles,2024,Waste,721.5696067893874,908074.5023281253,10.009171302270856
Carroll,2015,Transportation,1589.8993391829983,235302.79627504945,29.184277153690825
Carroll,2015,Residential,695.1022913200128,235302.79627504945,29.184277153690825
Carroll,2015,Commercial,597.2447015856367,235302.79627504945,29.184277153690825
CARROLL,2015,Industrial,678.245893022724,235302.79627504945,29.184277153690825
Carroll,2015,Agriculture,297.1634343074107,235302.79627504945,29.184277153690825
Carroll,2015,Waste,341.28761082318374,235302.79627504945,29.184277153690825
Carroll,2016,Transportation,964.8325664295758,240730.38838863044,31.156746849119923
Carroll,2016,Residential,548.8373536411183,240730.38838863044,31.156746849119923
Carroll,2016,Commercial,491.7860604520708,240730.38838863044,31.156746849119923
Carroll,2016,Industrial,1262.8091018332464,240730.38838863044,31.156746849119923
Carroll,2016,Agriculture,377.11625751055084,240730.38838863044,31.156746849119923
Carroll,2016,Waste,206.79947491528927,240730.38838863044,31.156746849119923
Carroll,2017,Transportation,1329.6418920838812,238563.57428647619,31.54217663122127
Carroll,2017,Residential,1052.6257917935216,238563.57428647619,31.54217663122127
Carroll,2017,Commercial,641.2939278284765,238563.57428647619,31.54217663122127
CARROLL,2017,Industrial,1159.2982197679316,238563.57428647619,31.54217663122127
CARROLL,2017,Agriculture,249.29225706441562,238563.57428647619,31.54217663122127
Carroll,2017,Waste,282.35176777942814,238563.57428647619,31.54217663122127
Carroll,2018,Transportation,1354.9259801494866,241249.70703786472,32.7527277056936
Carroll,2018,Residential,687.0570890918538,241249.70703786472,32.7527277056936
Carroll,2018,Commercial,821.2345463538862,241249.70703786472,32.7527277056936
 CARROLL ,2018,Industrial,1100.5254192061284,241249.70703786472,32.7527277056936
Carroll,2018,Agriculture,398.94390567964126,241249.70703786472,32.7527277056936
Carroll,2018,Waste,323.8022964554119,241249.70703786472,32.7527277056936
Carroll,2019,Transportation,2011.0140055379566,242670.53562489225,34.04840443108197
Carroll,2019,Residential,867.4367046339509,242670.53562489225,34.04840443108197
Carroll,2019,Commercial,756.0218138413646,242670.53562489225,34.04840443108197
Carroll,2019,Industrial,928.7356975717439,242670.53562489225,34.04840443108197
Carroll,2019,Agriculture,293.69152285267677,242670.53562489225,34.04840443108197
CARROLL,2019,Waste,260.3869131343934,242670.53562489225,34.04840443108197
carroll,2020,Transportation,1253.800890284969,247852.5390840473,34.555335543026175
Carroll,2020,Residential,900.9154824391715,247852.5390840473,34.555335543026175
Carroll,2020,Commercial,869.3996104850775,247852.5390840473,34.555335543026175
Carroll,2020,Industrial,606.8210864063865,247852.5390840473,34.555335543026175
carroll,2020,Agriculture,332.5933105553781,247852.5390840473,34.555335543026175
carroll,2020,Waste,274.6106555846749,247852.5390840473,34.555335543026175
Carroll,2021,Transportation,1548.3351573618286,247820.9261252022,36.89543851874808
Carroll,2021,Residential,630.5447645588216,247820.9261252022,36.89543851874808
carroll,2021,Commercial,852.4744364874374,247820.9261252022,36.89543851874808
carroll,2021,Industrial,802.7373815939153,247820.9261252022,36.89543851874808
Carroll,2021,Agriculture,268.8811185549905,247820.9261252022,36.89543851874808
Carroll,2021,Waste,175.29442884012084,247820.9261252022,36.89543851874808
Carroll,2022,Transportation,1768.2559759521155,247369.76005626033,36.93964330576322
Carroll,2022,Residential,840.2909716310867,247369.76005626033,36.93964330576322
Carroll,2022,Commercial,586.7619955210185,247369.76005626033,36.93964330576322
Carroll,2022,Industrial,977.2751977295783,247369.76005626033,36.93964330576322
Carroll,2022,Agriculture,340.9937509220185,247369.76005626033,36.93964330576322
Carroll,2022,Waste,340.83330714115505,247369.76005626033,36.93964330576322
Carroll,2023,Transportation,1333.7593984586442,250813.13470206782,37.33729867893488
Carroll,2023,Residential,817.3535511783186,250813.13470206782,37.33729867893488
Carroll,2023,Commercial,825.0836158917341,250813.13470206782,37.33729867893488
CARROLL,2023,Industrial,797.4253399687707,250813.13470206782,37.33729867893488
Carroll,2023,Agriculture,380.6313748929712,250813.13470206782,37.33729867893488
carroll,2023,Waste,242.59543620835277,250813.13470206782,37.33729867893488
Carroll,2024,Transportation,1362.9594402595108,253505.40155846791,37.86204277357224
carroll,2024,Residential,810.844404009945,253505.40155846791,37.86204277357224
Carroll,2024,Commercial,700.6452851197461,253505.40155846791,37.86204277357224
Carroll,2024,Industrial,926.3975526701893,253505.40155846791,37.86204277357224
Carroll,2024,Agriculture,322.6394688530642,253505.40155846791,37.86204277357224
CARROLL,2024,Waste,362.67258366382197,253505.40155846791,37.86204277357224
Wicomico,2015,Transportation,962.1966412995042,260989.05566761218,32.735594169613854
Wicomico,2015,Residential,607.8904230371392,260989.05566761218,32.735594169613854
Wicomico,2015,Commercial,591.1324901643159,260989.05566761218,32.735594169613854
wicomico,2015,Industrial,1057.439675288626,260989.05566761218,32.735594169613854
Wicomico,2015,Agriculture,358.9867302495874,260989.05566761218,32.735594169613854
WICOMICO,2015,Waste,273.4767440721535,260989.05566761218,32.735594169613854
wicomico,2016,Transportation,1646.2958537444192,260906.10769250456,35.408219363523834
Wicomico,2016,residential,666.7053210894659,260906.10769250456,35.408219363523834
WICOMICO,2016,Commercial,684.916140707121,260906.10769250456,35.408219363523834
Wicomico,2016,Industrial,1285.7379881525353,260906.10769250456,35.408219363523834
Wicomico,2016,Agriculture,569.8685076343781,260906.10769250456,35.408219363523834
wicomico,2016,Waste,377.78755155421277,260906.10769250456,35.408219363523834
 Wicomico ,2017,Transportation,2332.2880238494618,263444.7629139726,38.04776941019886
WICOMICO,2017,Residential,739.9644348566984,263444.7629139726,38.04776941019886
Wicomico,2017,Commercial,745.5333711022315,263444.7629139726,38.04776941019886
Wicomico,2017,Industrial,1111.694244548506,263444.7629139726,38.04776941019886
Wicomico,2017,Agriculture,320.4336934054781,263444.7629139726,38.04776941019886
Wicomico,2017,Waste,296.45703701132817,263444.7629139726,38.04776941019886
WICOMICO,2018,Transportation,1042.2277350238282,262856.66287713725,36.318112712863844
Wicomico,2018,Residential,854.3358285887763,262856.66287713725,36.318112712863844
Wicomico,2018,Commercial,580.2648042423687,262856.66287713725,36.318112712863844
Wicomico,2018,Industrial,940.5885631082192,262856.66287713725,36.318112712863844
Wicomico,2018,Agriculture,405.60664884998937,262856.66287713725,36.318112712863844
Wicomico,2018,Waste,405.6679847507795,262856.66287713725,36.318112712863844
Wicomico,2019,Transportation,1437.3320758734044,263781.4573988067,39.202551145530975
Wicomico,2019,Residential,918.3822019851348,263781.4573988067,39.202551145530975
Wicomico,2019,Commercial,884.9625127726329,263781.4573988067,39.202551145530975
Wicomico,2019,Industrial,886.4001370922829,263781.4573988067,39.202551145530975
Wicomico,2019,Agriculture,283.49899556309686,263781.4573988067,39.202551145530975
Wicomico,2019,Waste,250.2366568475704,263781.4573988067,39.202551145530975
Wicomico,2020,Transportation,2078.8335686680334,263124.4558127994,39.73998563825762
Wicomico,2020,Residential,741.8359694776408,263124.4558127994,39.73998563825762
Wicomico,2020,Commercial,422.8906647331784,263124.4558127994,39.73998563825762
WICOMICO,2020,Industrial,812.1955492227013,263124.4558127994,39.73998563825762
Wicomico,2020,Agriculture,421.3844218093632,263124.4558127994,39.73998563825762
Wicomico,2020,Waste,287.92755237148396,263124.4558127994,39.73998563825762
Wicomico,2021,Transportation,2052.331065489328,267502.09164620267,40.71735856857512
Wicomico,2021,Residential,544.5225874924649,267502.09164620267,40.71735856857512
 Wicomico ,2021,Commercial,745.3050464508673,267502.09164620267,40.71735856857512
 Wicomico ,2021,Industrial,841.9957405747825,267502.09164620267,40.71735856857512
Wicomico,2021,Agriculture,315.54434095306135,267502.09164620267,40.71735856857512
Wicomico,2021,Waste,284.57590480730374,267502.09164620267,40.71735856857512
WICOMICO,2022,transport,1065.8932933435376,267462.12038846797,40.547657591839354
Wicomico,2022,Residential,1137.318127598615,267462.12038846797,40.547657591839354
Wicomico,2022,Commercial,743.52535956141,267462.12038846797,40.547657591839354
Wicomico,2022,Industrial,1039.3324631581918,267462.12038846797,40.547657591839354
Wicomico,2022,Agriculture,370.92426904233395,267462.12038846797,40.547657591839354
Wicomico,2022,Waste,274.20831375974933,267462.12038846797,40.547657591839354
WICOMICO,2023,Transportation,1292.153392957095,268574.52523769205,41.69049014515612
 Wicomico ,2023,Residential,683.260067281012,268574.52523769205,41.69049014515612
wicomico,2023,Commercial,890.7822469934459,268574.52523769205,41.69049014515612
Wicomico,2023,Industrial,1311.4315954732717,268574.52523769205,41.69049014515612
WICOMICO,2023,Agriculture,440.1960528711747,268574.52523769205,41.69049014515612
Wicomico,2023,Waste,311.5301306873175,268574.52523769205,41.69049014515612
Wicomico,2024,transport,1466.7202816479996,272680.14637643285,43.56800458432094
Wicomico,2024,Residential,681.884557977326,272680.14637643285,43.56800458432094
Wicomico,2024,Commercial,626.6280133180206,272680.14637643285,43.56800458432094
 Wicomico ,2024,Industrial,798.7747715505371,272680.14637643285,43.56800458432094
Wicomico,2024,Agriculture,446.0370205579767,272680.14637643285,43.56800458432094
Wicomico,2024,Waste,330.6355861544141,272680.14637643285,43.56800458432094
